,Unnamed: 0,0,0.1,0,0.1,0,0.1,0,0.1,0,0.1,0,0.1,0,0.1,0,0.1,0,0.1,0,0.1
0,0,0.09420756995677948,0.10100000351667404,0.1157592162489891,0.10100000351667404,0.09146248549222946,0.10100000351667404,0.09078624844551086,0.10100000351667404,0.06922252476215363,0.10100000351667404,0.07037726044654846,0.10100000351667404,0.08857607841491699,0.10100000351667404,0.10450713336467744,0.10100000351667404,0.08644866943359375,0.10100000351667404,0.09285210072994232,0.10100000351667404
1,1,0.2325228154659271,0.210999995470047,0.2038129270076752,0.210999995470047,0.21700584888458246,0.210999995470047,0.2126853317022324,0.210999995470047,0.2339182198047638,0.210999995470047,0.2364608943462372,0.210999995470047,0.22332103550434115,0.210999995470047,0.21245291829109192,0.210999995470047,0.2193693369626999,0.210999995470047,0.20782306790351868,0.210999995470047
2,2,1.063659906387329,1.2400000095367432,1.0932185649871826,1.2400000095367432,1.0588178634643557,1.2400000095367432,1.0812780857086182,1.2400000095367432,1.0477166175842283,1.2400000095367432,1.0620574951171875,1.2400000095367432,1.0679610967636108,1.2400000095367432,1.0745071172714231,1.2400000095367432,1.0664654970169067,1.2400000095367432,1.066247820854187,1.2400000095367432
3,3,1.205332636833191,1.156999945640564,1.2183570861816406,1.156999945640564,1.194766402244568,1.156999945640564,1.2091492414474487,1.156999945640564,1.181150197982788,1.156999945640564,1.1916197538375854,1.156999945640564,1.199791669845581,1.156999945640564,1.2023234367370603,1.156999945640564,1.195446491241455,1.156999945640564,1.1981899738311768,1.156999945640564
4,4,0.2523545026779175,0.7329999804496765,0.21905019879341125,0.7329999804496765,0.2358511984348297,0.7329999804496765,0.2314900755882263,0.7329999804496765,0.2560480237007141,0.7329999804496765,0.2589064836502075,0.7329999804496765,0.2429613322019577,0.7329999804496765,0.22977036237716675,0.7329999804496765,0.2386719286441803,0.7329999804496765,0.2256927639245987,0.7329999804496765
5,5,1.0901919603347778,1.125,1.118188738822937,1.125,1.0846412181854248,1.125,1.1063247919082642,1.125,1.0726035833358765,1.125,1.0864706039428709,1.125,1.0933178663253784,1.125,1.0993354320526123,1.125,1.0916010141372678,1.125,1.0918056964874268,1.125
6,6,0.6307246685028076,1.0599999427795408,0.60957270860672,1.0599999427795408,0.6183662414550781,1.0599999427795408,0.6276388764381409,1.0599999427795408,0.640812873840332,1.0599999427795408,0.652045488357544,1.0599999427795408,0.6292157173156738,1.0599999427795408,0.6195436716079712,1.0599999427795408,0.623069167137146,1.0599999427795408,0.6113533973693848,1.0599999427795408
7,7,0.8559516668319702,0.8209999799728394,0.8750459551811218,0.8209999799728394,0.8511396646499634,0.8209999799728394,0.8714957237243652,0.8209999799728394,0.8535363674163818,0.8209999799728394,0.8684318065643309,0.8209999799728394,0.8616085052490234,0.8209999799728394,0.8659894466400146,0.8209999799728394,0.8587192296981812,0.8209999799728394,0.8545951843261719,0.8209999799728394
8,8,0.1856071501970291,0.2419999986886978,0.17036688327789307,0.2419999986886978,0.17319491505622864,0.2419999986886978,0.16942119598388672,0.2419999986886978,0.18027862906455994,0.2419999986886978,0.1821805238723755,0.2419999986886978,0.17717409133911133,0.2419999986886978,0.1732516884803772,0.2419999986886978,0.17400270700454712,0.2419999986886978,0.16686269640922546,0.2419999986886978
9,9,0.3658021688461304,0.9190000295639038,0.3182118237018585,0.9190000295639038,0.3467720150947571,0.9190000295639038,0.3440660536289215,0.9190000295639038,0.37769430875778204,0.9190000295639038,0.3827597498893738,0.9190000295639038,0.3567385673522949,0.9190000295639038,0.3364850580692291,0.9190000295639038,0.3507626950740814,0.9190000295639038,0.33356961607933044,0.9190000295639038
10,10,0.6748185157775879,0.7429999709129333,0.6621586680412292,0.7429999709129333,0.6642007827758789,0.7429999709129333,0.6758970022201538,0.7429999709129333,0.6829239130020142,0.7429999709129333,0.695088267326355,0.7429999709129333,0.6749594211578369,0.7429999709129333,0.668504536151886,0.7429999709129333,0.6693210005760193,0.7429999709129333,0.6592626571655273,0.7429999709129333
11,11,0.869776725769043,0.8659999966621399,0.890667200088501,0.8659999966621399,0.865234375,0.8659999966621399,0.8860739469528198,0.8659999966621399,0.8664661645889282,0.8659999966621399,0.8814703226089478,0.8659999966621399,0.8756792545318604,0.8659999966621399,0.8805868625640869,0.8659999966621399,0.8729920387268066,0.8659999966621399,0.8692173361778259,0.8659999966621399
12,12,1.5417134761810305,1.3420000076293943,1.446652889251709,1.3420000076293943,1.4915391206741333,1.3420000076293943,1.4397336244583132,1.3420000076293943,1.5041967630386353,1.3420000076293943,1.4886742830276491,1.3420000076293943,1.4645105600357056,1.3420000076293943,1.4245837926864624,1.3420000076293943,1.4304138422012331,1.3420000076293943,1.4492446184158323,1.3420000076293943
13,13,0.8320454359054565,0.35100001096725464,0.8477435111999512,0.35100001096725464,0.8266928195953369,0.35100001096725464,0.8461323976516724,0.35100001096725464,0.8311605453491211,0.35100001096725464,0.8458281755447388,0.35100001096725464,0.8371976613998413,0.35100001096725464,0.8405449390411377,0.35100001096725464,0.8339438438415527,0.35100001096725464,0.8291765451431274,0.35100001096725464
14,14,0.06865034997463226,0.06300000101327896,0.10294796526432036,0.06300000101327896,0.06960687041282654,0.06300000101327896,0.07033021748065947,0.06300000101327896,0.03616461902856827,0.06300000101327896,0.037241876125335686,0.06300000101327896,0.06410789489746094,0.06300000101327896,0.08718591928482056,0.06300000101327896,0.06201869249343873,0.06300000101327896,0.0736490786075592,0.06300000101327896
15,15,0.4149840772151947,0.6389999985694885,0.3670119643211365,0.6389999985694885,0.39620012044906616,0.6389999985694885,0.3950532972812653,0.6389999985694885,0.428333580493927,0.6389999985694885,0.4345070123672485,0.6389999985694885,0.4067389965057373,0.6389999985694885,0.3862375020980835,0.6389999985694885,0.4002801775932312,0.6389999985694885,0.3829287886619568,0.6389999985694885
16,16,0.20874205231666565,0.04399999976158142,0.186400443315506,0.04399999976158142,0.1946576535701752,0.04399999976158142,0.1905326098203659,0.04399999976158142,0.20696894824504847,0.04399999976158142,0.2091672420501709,0.04399999976158142,0.19987383484840396,0.04399999976158142,0.19226545095443728,0.04399999976158142,0.19632479548454285,0.04399999976158142,0.18682432174682614,0.04399999976158142
17,17,1.1870732307434082,1.312000036239624,1.2033528089523315,1.312000036239624,1.1775071620941162,1.312000036239624,1.1935261487960815,1.312000036239624,1.1638678312301636,1.312000036239624,1.1750327348709106,1.312000036239624,1.1833289861679075,1.312000036239624,1.186488389968872,1.312000036239624,1.1796057224273682,1.312000036239624,1.181821346282959,1.312000036239624
18,18,1.6941653490066528,2.309999942779541,1.4700396060943604,2.309999942779541,1.5491986274719238,2.309999942779541,1.5009363889694214,2.309999942779541,1.64811110496521,2.309999942779541,1.6117322444915771,2.309999942779541,1.5336532592773438,2.309999942779541,1.4503873586654663,2.309999942779541,1.4905563592910769,2.309999942779541,1.506980299949646,2.309999942779541
19,19,0.9933371543884276,0.9430000185966492,1.023675799369812,0.9430000185966492,0.9895623922348022,0.9430000185966492,1.0127577781677246,0.9430000185966492,0.9819064140319824,0.9430000185966492,0.9970161914825441,0.9430000185966492,0.9995018243789672,0.9430000185966492,1.0066596269607544,0.9430000185966492,0.9980537891387941,0.9430000185966492,0.9967442750930786,0.9430000185966492
20,20,0.14776283502578735,0.04600000008940697,0.14607107639312744,0.04600000008940697,0.13872671127319336,0.04600000008940697,0.13589131832122806,0.04600000008940697,0.13548384606838226,0.04600000008940697,0.13699042797088626,0.04600000008940697,0.140280082821846,0.04600000008940697,0.14352746307849884,0.04600000008940697,0.13765892386436462,0.04600000008940697,0.13524875044822693,0.04600000008940697
21,21,0.10899597406387328,0.0860000029206276,0.12365701794624327,0.0860000029206276,0.10432330518960953,0.0860000029206276,0.10294872522354126,0.0860000029206276,0.08789867907762527,0.0860000029206276,0.08912523090839386,0.0860000029206276,0.10279443860054016,0.0860000029206276,0.11491718888282774,0.0860000029206276,0.1005774736404419,0.0860000029206276,0.10427379608154297,0.0860000029206276
22,22,0.11427009105682373,0.017999999225139618,0.12656037509441376,0.017999999225139618,0.10894624143838882,0.017999999225139618,0.10734181851148604,0.017999999225139618,0.09448536485433577,0.017999999225139618,0.09574224054813384,0.017999999225139618,0.1078760027885437,0.017999999225139618,0.11869773268699645,0.017999999225139618,0.10561728477478027,0.017999999225139618,0.1084008887410164,0.017999999225139618
23,23,0.09933600574731828,0.012000000104308128,0.1184576228260994,0.012000000104308128,0.09590521454811096,0.012000000104308128,0.09497769176959993,0.012000000104308128,0.07573471963405609,0.012000000104308128,0.07691217958927155,0.012000000104308128,0.09350177645683287,0.012000000104308128,0.10808531939983368,0.012000000104308128,0.09134827554225923,0.012000000104308128,0.0967877209186554,0.012000000104308128
24,24,0.15339003503322599,0.014999999664723871,0.14953207969665527,0.014999999664723871,0.14379894733428955,0.014999999664723871,0.14079439640045166,0.014999999664723871,0.14224112033843994,0.014999999664723871,0.1437990665435791,0.014999999664723871,0.14574718475341794,0.014999999664723871,0.14783664047718048,0.014999999664723871,0.14305171370506287,0.014999999664723871,0.13986541330814362,0.014999999664723871
25,25,0.3697715103626251,0.5189999938011169,0.32202962040901184,0.5189999938011169,0.3507354259490967,0.5189999938011169,0.3481387197971344,0.5189999938011169,0.3818219006061554,0.5189999938011169,0.38697415590286255,0.5189999938011169,0.3607600927352905,0.5189999938011169,0.3404308557510376,0.5189999938011169,0.3547383546829224,0.5189999938011169,0.33750104904174805,0.5189999938011169
26,26,1.278148531913757,1.2130000591278076,1.275033950805664,1.2130000591278076,1.2628958225250244,1.2130000591278076,1.268629789352417,1.2130000591278076,1.2503665685653689,1.2130000591278076,1.2574104070663452,1.2130000591278076,1.2636622190475464,1.2130000591278076,1.2637770175933838,1.2130000591278076,1.25592839717865,1.2130000591278076,1.2615748643875122,1.2130000591278076
27,27,0.06658290326595306,0.04800000041723251,0.10195756703615187,0.04800000041723251,0.06786029040813446,0.04800000041723251,0.06870780885219574,0.04800000041723251,0.03344358503818512,0.04800000041723251,0.03451722860336304,0.04800000041723251,0.06213420629501343,0.04800000041723251,0.08582216501235962,0.04800000041723251,0.06004039943218231,0.04800000041723251,0.07212613523006439,0.04800000041723251
28,28,1.2090901136398315,1.2170000076293943,1.2214043140411377,1.2170000076293943,1.1983087062835691,1.2170000076293943,1.2123301029205322,1.2170000076293943,1.1847100257873535,1.2170000076293943,1.1950286626815796,1.2170000076293943,1.203157901763916,1.2170000076293943,1.2055598497390747,1.2170000076293943,1.198673963546753,1.2170000076293943,1.2015345096588137,1.2170000076293943
29,29,0.06865034997463226,0.017999999225139618,0.10294796526432036,0.017999999225139618,0.06960687041282654,0.017999999225139618,0.07033021748065947,0.017999999225139618,0.03616461902856827,0.017999999225139618,0.037241876125335686,0.017999999225139618,0.06410789489746094,0.017999999225139618,0.08718591928482056,0.017999999225139618,0.06201869249343873,0.017999999225139618,0.0736490786075592,0.017999999225139618
30,30,0.16232946515083313,0.22300000488758087,0.1551390290260315,0.22300000488758087,0.15189558267593384,0.22300000488758087,0.14864394068717954,0.22300000488758087,0.1529039889574051,0.22300000488758087,0.1545490175485611,0.22300000488758087,0.15444578230381012,0.22300000488758087,0.1547623723745346,0.22300000488758087,0.15162615478038788,0.22300000488758087,0.14726072549819946,0.22300000488758087
31,31,0.9487891197204591,0.9679999947547911,0.977207362651825,0.9679999947547911,0.945103406906128,0.9679999947547911,0.967911958694458,0.9679999947547911,0.9402856826782228,0.9679999947547911,0.9555522203445436,0.9679999947547911,0.955312728881836,0.9679999947547911,0.9621719121932985,0.9679999947547911,0.9535691738128662,0.9679999947547911,0.9514891505241394,0.9679999947547911
32,32,0.1856071501970291,0.07800000160932541,0.17036688327789307,0.07800000160932541,0.17319491505622864,0.07800000160932541,0.16942119598388672,0.07800000160932541,0.18027862906455994,0.07800000160932541,0.1821805238723755,0.07800000160932541,0.17717409133911133,0.07800000160932541,0.1732516884803772,0.07800000160932541,0.17400270700454712,0.07800000160932541,0.16686269640922546,0.07800000160932541
33,33,0.06520996987819673,0.017000000923871994,0.10130363702774048,0.017000000923871994,0.06670224666595459,0.017000000923871994,0.06763318181037903,0.017000000923871994,0.03163249045610428,0.017000000923871994,0.032703936100006104,0.017000000923871994,0.06082400679588317,0.017000000923871994,0.08491966128349304,0.017000000923871994,0.058726564049720764,0.017000000923871994,0.07111723721027374,0.017000000923871994
34,34,0.5308123826980591,0.4259999990463257,0.4928681254386902,0.4259999990463257,0.5147534608840942,0.4259999990463257,0.5186991095542908,0.4259999990463257,0.5439978837966919,0.4259999990463257,0.5529241561889648,0.4259999990463257,0.5257256031036377,0.4259999990463257,0.5093832612037659,0.4259999990463257,0.5189408659934998,0.4259999990463257,0.5037763118743896,0.4259999990463257
35,35,0.24962693452835086,0.13099999725818634,0.2169161140918732,0.13099999725818634,0.23324844241142276,0.13099999725818634,0.2288865000009537,0.13099999725818634,0.25302189588546753,0.13099999725818634,0.25583550333976746,0.13099999725818634,0.2402554452419281,0.13099999725818634,0.22736309468746185,0.13099999725818634,0.2360123544931412,0.13099999725818634,0.22321617603302,0.13099999725818634
36,36,0.2660996615886688,0.10999999940395357,0.229989230632782,0.10999999940395357,0.24901778995990756,0.10999999940395357,0.24469102919101715,0.10999999940395357,0.2712156474590301,0.10999999940395357,0.2743070423603058,0.10999999940395357,0.25661930441856384,0.10999999940395357,0.24202223122119906,0.10999999940395357,0.2520984411239624,0.10999999940395357,0.2382625192403793,0.10999999940395357
37,37,0.9497305154800416,0.7639999985694885,0.9782076478004456,0.7639999985694885,0.94604754447937,0.7639999985694885,0.9688701629638672,0.7639999985694885,0.9411650896072388,0.7639999985694885,0.9564306735992432,0.7639999985694885,0.9562524557113647,0.7639999985694885,0.9631237983703612,0.7639999985694885,0.9545172452926636,0.7639999985694885,0.9524548053741456,0.7639999985694885
38,38,0.11049768328666687,0.06300000101327896,0.12447904050350188,0.06300000101327896,0.10563769936561583,0.06300000101327896,0.1041966676712036,0.06300000101327896,0.08977802842855452,0.06300000101327896,0.09101289510726927,0.06300000101327896,0.10424071550369264,0.06300000101327896,0.1159900277853012,0.06300000101327896,0.10201235115528108,0.06300000101327896,0.10544607043266296,0.06300000101327896
39,39,1.205332636833191,1.1330000162124634,1.2183570861816406,1.1330000162124634,1.194766402244568,1.1330000162124634,1.2091492414474487,1.1330000162124634,1.181150197982788,1.1330000162124634,1.1916197538375854,1.1330000162124634,1.199791669845581,1.1330000162124634,1.2023234367370603,1.1330000162124634,1.195446491241455,1.1330000162124634,1.1981899738311768,1.1330000162124634
40,40,0.10303056240081787,0.008999999612569809,0.12042813748121263,0.008999999612569809,0.0991172194480896,0.008999999612569809,0.0980146825313568,0.008999999612569809,0.08040254563093185,0.008999999612569809,0.081597700715065,0.008999999612569809,0.09705358743667604,0.008999999612569809,0.11068402230739594,0.008999999612569809,0.09487791359424592,0.008999999612569809,0.09963962435722352,0.008999999612569809
41,41,0.28188735246658325,0.6800000071525574,0.2429312169551849,0.6800000071525574,0.2642419934272766,0.6800000071525574,0.2600153684616089,0.6800000071525574,0.2884757220745087,0.6800000071525574,0.2918480932712555,0.6800000071525574,0.27235186100006104,0.6800000071525574,0.2563391923904419,0.6800000071525574,0.26757073402404785,0.6800000071525574,0.25288069248199463,0.6800000071525574
42,42,0.6873722076416016,0.8679999709129333,0.6771622896194458,0.8679999709129333,0.6772440671920776,0.8679999709129333,0.6896240711212158,0.8679999709129333,0.6948587894439697,0.8679999709129333,0.7072741985321045,0.8679999709129333,0.6879774332046509,0.8679999709129333,0.6824299097061157,0.8679999709129333,0.6825035214424133,0.8679999709129333,0.6729144454002379,0.8679999709129333
43,43,1.2195253372192385,0.8960000276565552,1.2297958135604858,0.8960000276565552,1.2081308364868164,0.8960000276565552,1.2211021184921265,0.8960000276565552,1.1946035623550415,0.8960000276565552,1.2044885158538818,0.8960000276565552,1.2124682664871216,0.8960000276565552,1.2145094871520996,0.8960000276565552,1.2075796127319336,0.8960000276565552,1.2107809782028198,0.8960000276565552
44,44,0.6223074197769165,0.39899998903274536,0.5995768904685974,0.39899998903274536,0.6096174716949463,0.39899998903274536,0.6184272766113281,0.39899998903274536,0.6327365636825562,0.39899998903274536,0.6437838077545166,0.39899998903274536,0.6204836368560791,0.39899998903274536,0.6102018356323242,0.39899998903274536,0.6142541170120239,0.39899998903274536,0.6022244691848755,0.39899998903274536
45,45,1.1185857057571411,0.959999978542328,1.144126296043396,0.959999978542328,1.1120891571044922,0.959999978542328,1.132596731185913,0.959999978542328,1.0992823839187622,0.959999978542328,1.1125212907791138,0.959999978542328,1.1201351881027222,0.959999978542328,1.1254415512084959,0.959999978542328,1.118036866188049,0.959999978542328,1.1187326908111572,0.959999978542328
46,46,0.18984124064445496,0.2939999997615814,0.17323429882526398,0.2939999997615814,0.17710161209106445,0.2939999997615814,0.17325137555599213,0.2939999997615814,0.18520043790340426,0.2939999997615814,0.18715359270572665,0.2939999997615814,0.18132036924362185,0.2939999997615814,0.17668454349040985,0.2939999997615814,0.1780814826488495,0.2939999997615814,0.17048078775405884,0.2939999997615814
47,47,0.5980937480926514,0.7570000290870667,0.5709472298622131,0.7570000290870667,0.5844613313674927,0.7570000290870667,0.5919476151466371,0.7570000290870667,0.6094293594360352,0.7570000290870667,0.6199318170547485,0.7570000290870667,0.5953719615936279,0.7570000290870667,0.5833652019500732,0.7570000290870667,0.5889315605163574,0.7570000290870667,0.576013445854187,0.7570000290870667
48,48,0.22984960675239566,0.25600001215934753,0.20180867612361908,0.25600001215934753,0.21447980403900144,0.25600001215934753,0.2101731449365616,0.25600001215934753,0.2309119701385498,0.25600001215934753,0.23341405391693115,0.25600001215934753,0.2206796258687973,0.25600001215934753,0.210151806473732,0.25600001215934753,0.21677352488040924,0.25600001215934753,0.20543894171714785,0.25600001215934753
49,49,1.183993935585022,1.1660000085830688,1.200790286064148,1.1660000085830688,1.1745891571044922,1.1660000085830688,1.1908645629882812,1.1660000085830688,1.1609561443328855,1.1660000085830688,1.172232151031494,1.1660000085830688,1.1805360317230225,1.1660000085830688,1.183800220489502,1.1660000085830688,1.17690908908844,1.1660000085830688,1.1790422201156616,1.1660000085830688
50,50,0.9431285858154296,0.9490000009536744,0.971176266670227,0.9490000009536744,0.9394232034683228,0.9490000009536744,0.9621415138244628,0.9490000009536744,0.934998631477356,0.9490000009536744,0.9502683877944946,0.9490000009536744,0.949657678604126,0.9490000009536744,0.9564379453659058,0.9490000009536744,0.947862148284912,0.9490000009536744,0.9456763863563538,0.9490000009536744
51,51,0.09202539920806883,0.13199999928474426,0.11462406814098358,0.13199999928474426,0.08957775682210922,0.13199999928474426,0.08901137113571167,0.13199999928474426,0.06643980741500853,0.13199999928474426,0.06758560240268707,0.13199999928474426,0.08648177981376648,0.13199999928474426,0.1029949188232422,0.13199999928474426,0.08436383306980133,0.13199999928474426,0.09118573367595673,0.13199999928474426
52,52,1.0540993213653564,1.037999987602234,1.0840482711791992,1.037999987602234,1.0494711399078371,1.037999987602234,1.0721399784088137,1.037999987602234,1.0387576818466189,1.037999987602234,1.0532437562942505,1.037999987602234,1.058757185935974,1.037999987602234,1.065456748008728,1.037999987602234,1.0573116540908811,1.037999987602234,1.0569463968276978,1.037999987602234
53,53,0.2642568349838257,0.5329999923706055,0.2285047620534897,0.5329999923706055,0.2472476363182068,0.5329999923706055,0.2429133802652359,0.5329999923706055,0.26918983459472656,0.5329999923706055,0.2722494006156921,0.5329999923706055,0.2547859847545624,0.5329999923706055,0.2403679341077805,0.5329999923706055,0.2502959668636322,0.5329999923706055,0.2365686595439911,0.5329999923706055
54,54,0.29221731424331665,0.3759999871253967,0.2516150176525116,0.3759999871253967,0.27425938844680786,0.3759999871253967,0.27013230323791504,0.3759999871253967,0.29968029260635376,0.3759999871253967,0.3032437860965729,0.3759999871253967,0.28267142176628113,0.3759999871253967,0.2658447623252869,0.3759999871253967,0.2777242064476013,0.3759999871253967,0.26254719495773315,0.3759999871253967
55,55,0.7609993219375609,0.5870000123977661,0.7648183703422546,0.5870000123977661,0.7535620927810669,0.5870000123977661,0.7697869539260864,0.5870000123977661,0.7644633054733276,0.5870000123977661,0.7781914472579956,0.5870000123977661,0.7641658782958984,0.5870000123977661,0.7636159658432007,0.5870000123977661,0.7597819566726685,0.5870000123977661,0.7528204321861267,0.5870000123977661
56,56,1.002448797225952,0.8569999933242798,1.0329552888870241,0.8569999933242798,0.9986010789871216,0.8569999933242798,1.0217995643615725,0.8569999933242798,0.9904239177703856,0.8569999933242798,1.0054714679718018,0.8569999933242798,1.0084663629531858,0.8569999933242798,1.0156166553497314,0.8569999933242798,1.0070509910583496,0.8569999933242798,1.0058878660202026,0.8569999933242798
57,57,0.09933600574731828,0.003000000026077032,0.1184576228260994,0.003000000026077032,0.09590521454811096,0.003000000026077032,0.09497769176959993,0.003000000026077032,0.07573471963405609,0.003000000026077032,0.07691217958927155,0.003000000026077032,0.09350177645683287,0.003000000026077032,0.10808531939983368,0.003000000026077032,0.09134827554225923,0.003000000026077032,0.0967877209186554,0.003000000026077032
58,58,1.286374807357788,1.1820000410079956,1.2811316251754759,1.1820000410079956,1.2705284357070925,1.1820000410079956,1.2750520706176758,1.1820000410079956,1.2582169771194458,1.1820000410079956,1.2648048400878906,1.1820000410079956,1.270688772201538,1.1820000410079956,1.27056086063385,1.1820000410079956,1.2624731063842771,1.1820000410079956,1.2685481309890747,1.1820000410079956
59,59,0.7248626947402954,0.3429999947547913,0.7219178080558777,0.3429999947547913,0.7161527872085571,0.3429999947547913,0.7305352687835693,0.3429999947547913,0.730377197265625,0.3429999947547913,0.7434980869293213,0.3429999947547913,0.7268155813217163,0.3429999947547913,0.7239010334014893,0.3429999947547913,0.7218748331069946,0.3429999947547913,0.7136573791503906,0.3429999947547913
60,60,1.4364534616470337,1.4730000495910645,1.3830087184906006,1.4730000495910645,1.4082149267196655,1.4730000495910645,1.3804961442947388,1.4730000495910645,1.402463436126709,1.4730000495910645,1.3980141878128052,1.4730000495910645,1.3913654088974,1.4730000495910645,1.389567255973816,1.4730000495910645,1.3701374530792236,1.4730000495910645,1.3896502256393433,1.4730000495910645
61,61,0.17804428935050964,0.193000003695488,0.16531985998153687,0.193000003695488,0.1662413477897644,0.193000003695488,0.16261836886405945,0.193000003695488,0.1714443862438202,0.193000003695488,0.17325817048549652,0.193000003695488,0.16977746784687042,0.193000003695488,0.1671731173992157,0.193000003695488,0.16672423481941226,0.193000003695488,0.16044004261493686,0.193000003695488
62,62,1.2918096780776978,1.1679999828338623,1.2851276397705078,1.1679999828338623,1.2755643129348757,1.1679999828338623,1.279260754585266,1.1679999828338623,1.2634069919586182,1.1679999828338623,1.2696857452392578,1.1679999828338623,1.2753089666366575,1.1679999828338623,1.2750264406204224,1.1679999828338623,1.2667633295059204,1.1679999828338623,1.273134708404541,1.1679999828338623
63,63,0.12112514674663545,0.0130000002682209,0.13040247559547424,0.0130000002682209,0.11498275399208067,0.0130000002682209,0.11309443414211273,0.0130000002682209,0.10299102216959,0.0130000002682209,0.10429103672504424,0.0130000002682209,0.11448940634727478,0.0130000002682209,0.12366457283496855,0.0130000002682209,0.1121693104505539,0.0130000002682209,0.11380655318498613,0.0130000002682209
64,64,0.1856071501970291,0.09399999678134917,0.17036688327789307,0.09399999678134917,0.17319491505622864,0.09399999678134917,0.16942119598388672,0.09399999678134917,0.18027862906455994,0.09399999678134917,0.1821805238723755,0.09399999678134917,0.17717409133911133,0.09399999678134917,0.1732516884803772,0.09399999678134917,0.17400270700454712,0.09399999678134917,0.16686269640922546,0.09399999678134917
65,65,0.09566760063171388,0.12300000339746475,0.11652309447526933,0.12300000339746475,0.09272538125514984,0.12300000339746475,0.0919766128063202,0.12300000339746475,0.07108042389154434,0.12300000339746475,0.07224142551422119,0.12300000339746475,0.08997786045074463,0.12300000339746475,0.10552233457565308,0.12300000339746475,0.08784352242946625,0.12300000339746475,0.09396980702877043,0.12300000339746475
66,66,1.2628353834152222,1.4329999685287476,1.2635219097137451,1.4329999685287476,1.248655080795288,1.4329999685287476,1.25650954246521,1.4329999685287476,1.2357698678970337,1.4329999685287476,1.2436240911483765,1.4329999685287476,1.250476956367493,1.4329999685287476,1.25106680393219,1.4329999685287476,1.2435840368270874,1.4329999685287476,1.2484939098358154,1.4329999685287476
67,67,1.4461401700973509,1.343000054359436,1.389067769050598,1.343000054359436,1.4170476198196411,1.343000054359436,1.3864848613739014,1.343000054359436,1.4118256568908691,1.343000054359436,1.4064760208129885,1.343000054359436,1.3986313343048096,1.343000054359436,1.3930845260620115,1.343000054359436,1.3762511014938354,1.343000054359436,1.3971134424209597,1.343000054359436
68,68,1.1300609111785889,1.0800000429153442,1.154378056526184,1.0800000429153442,1.1231271028518677,1.0800000429153442,1.1430518627166748,1.0800000429153442,1.110079646110535,1.0800000429153442,1.1230270862579346,1.0800000429153442,1.130874752998352,1.0800000429153442,1.1358574628829956,1.0800000429153442,1.128576636314392,1.0800000429153442,1.129488229751587,1.0800000429153442
69,69,0.06865034997463226,0.004000000189989804,0.10294796526432036,0.004000000189989804,0.06960687041282654,0.004000000189989804,0.07033021748065947,0.004000000189989804,0.03616461902856827,0.004000000189989804,0.037241876125335686,0.004000000189989804,0.06410789489746094,0.004000000189989804,0.08718591928482056,0.004000000189989804,0.06201869249343873,0.004000000189989804,0.0736490786075592,0.004000000189989804
70,70,0.4241382479667664,0.746999979019165,0.3764376640319824,0.746999979019165,0.4054710566997528,0.746999979019165,0.4046605825424193,0.746999979019165,0.43764570355415344,0.746999979019165,0.44403168559074396,0.746999979019165,0.4160845279693604,0.746999979019165,0.3956917524337769,0.746999979019165,0.4095572829246521,0.746999979019165,0.39226233959198,0.746999979019165
71,71,1.4847860336303709,1.3359999656677246,1.4127826690673828,1.3359999656677246,1.4502378702163696,1.3359999656677246,1.4093142747879028,1.3359999656677246,1.4491989612579346,1.3359999656677246,1.4400193691253662,1.3359999656677246,1.4269464015960691,1.3359999656677246,1.4064979553222656,1.3359999656677246,1.3995305299758911,1.3359999656677246,1.4224426746368408,1.3359999656677246
72,72,0.11125008761882782,0.04199999943375588,0.12489228695631027,0.04199999943375588,0.1062968447804451,0.04199999943375588,0.1048227995634079,0.04199999943375588,0.09071844816207886,0.04199999943375588,0.09195765852928163,0.04199999943375588,0.10496556758880617,0.04199999943375588,0.11652864515781405,0.04199999943375588,0.10273142158985138,0.04199999943375588,0.1060343012213707,0.04199999943375588
73,73,0.2343091666698456,0.4760000109672546,0.20515882968902588,0.4760000109672546,0.2186957746744156,0.4760000109672546,0.2143671363592148,0.4760000109672546,0.2359239459037781,0.4760000109672546,0.2384940385818481,0.4760000109672546,0.22508691251277926,0.4760000109672546,0.2139950692653656,0.4760000109672546,0.22110480070114136,0.4760000109672546,0.2094196081161499,0.4760000109672546
74,74,0.9581787586212158,0.746999979019165,0.9871499538421632,0.746999979019165,0.9545105695724488,0.746999979019165,0.9774489402770996,0.746999979019165,0.9490560293197632,0.746999979019165,0.9643090963363647,0.746999979019165,0.96467387676239,0.746999979019165,0.9716434478759766,0.746999979019165,0.9630099534988404,0.746999979019165,0.9611014127731324,0.746999979019165
75,75,0.2587468922138214,0.41400000452995295,0.22409921884536746,0.41400000452995295,0.24196404218673706,0.41400000452995295,0.23761266469955444,0.41400000452995295,0.2631186842918396,0.41400000452995295,0.2660840749740601,0.41400000452995295,0.2493085563182831,0.41400000452995295,0.23544321954250336,0.41400000452995295,0.2449110895395279,0.41400000452995295,0.23152002692222595,0.41400000452995295
76,76,0.0645250752568245,0.05700000002980232,0.10097858309745787,0.05700000002980232,0.06612512469291687,0.05700000002980232,0.06709796190261841,0.05700000002980232,0.030727863311767575,0.05700000002980232,0.03179827332496643,0.05700000002980232,0.06017056107521058,0.05700000002980232,0.08447036147117615,0.05700000002980232,0.058070972561836236,0.05700000002980232,0.07061479985713959,0.05700000002980232
77,77,0.9581787586212158,1.0950000286102295,0.9871499538421632,1.0950000286102295,0.9545105695724488,1.0950000286102295,0.9774489402770996,1.0950000286102295,0.9490560293197632,1.0950000286102295,0.9643090963363647,1.0950000286102295,0.96467387676239,1.0950000286102295,0.9716434478759766,1.0950000286102295,0.9630099534988404,1.0950000286102295,0.9611014127731324,1.0950000286102295
78,78,0.15016858279705048,0.052000001072883606,0.1475442349910736,0.052000001072883606,0.1408928781747818,0.052000001072883606,0.13798388838768005,0.052000001072883606,0.13837705552577972,0.052000001072883606,0.13990531861782074,0.052000001072883606,0.14261658489704132,0.052000001072883606,0.14536496996879578,0.052000001072883606,0.13996407389640808,0.052000001072883606,0.13721883296966553,0.052000001072883606
79,79,0.9758626222610474,0.7039999961853027,1.0056625604629517,0.7039999961853027,0.9721752405166626,0.7039999961853027,0.9952895641326904,0.7039999961853027,0.9655764102935792,0.7039999961853027,0.9807761907577516,0.7039999961853027,0.9822371006011964,0.7039999961853027,0.9893450736999512,0.7039999961853027,0.980698823928833,0.7039999961853027,0.9790990948677064,0.7039999961853027
80,80,0.09566760063171388,0.02500000037252903,0.11652309447526933,0.02500000037252903,0.09272538125514984,0.02500000037252903,0.0919766128063202,0.02500000037252903,0.07108042389154434,0.02500000037252903,0.07224142551422119,0.02500000037252903,0.08997786045074463,0.02500000037252903,0.10552233457565308,0.02500000037252903,0.08784352242946625,0.02500000037252903,0.09396980702877043,0.02500000037252903
81,81,0.2941048443317413,0.25799998641014105,0.2532200217247009,0.25799998641014105,0.2760944962501526,0.25799998641014105,0.2719884216785431,0.25799998641014105,0.3017203211784363,0.25799998641014105,0.3053193688392639,0.25799998641014105,0.2845592498779297,0.25799998641014105,0.2675932049751282,0.25799998641014105,0.27958208322525024,0.25799998641014105,0.26432204246521,0.25799998641014105
82,82,0.12189194560050964,0.06499999761581421,0.1308370977640152,0.06499999761581421,0.11565988510847093,0.06499999761581421,0.113740935921669,0.06499999761581421,0.10393864661455154,0.06499999761581421,0.10524371266365053,0.06499999761581421,0.11522971093654633,0.06499999761581421,0.12422382831573485,0.06499999761581421,0.11290235817432405,0.06499999761581421,0.11441409587860107,0.06499999761581421
83,83,1.2850098609924316,1.2070000171661377,1.2801238298416138,1.2070000171661377,1.2692627906799316,1.2070000171661377,1.2739908695220947,1.2070000171661377,1.2569140195846558,1.2070000171661377,1.2635785341262815,1.2070000171661377,1.2695256471633911,1.2070000171661377,1.269437313079834,1.2070000171661377,1.2613914012908936,1.2070000171661377,1.267393708229065,1.2070000171661377
84,84,0.9563052654266356,0.9330000281333924,0.9851723909378052,0.9330000281333924,0.9526349306106568,0.9330000281333924,0.9755496978759766,0.9330000281333924,0.9473061561584472,0.9330000281333924,0.9625627994537354,0.9330000281333924,0.9628080129623412,0.9330000281333924,0.9697574377059937,0.9330000281333924,0.961128830909729,0.9330000281333924,0.959186553955078,0.9330000281333924
85,85,0.44254404306411743,0.12399999797344208,0.3956910371780396,0.12399999797344208,0.424171507358551,0.12399999797344208,0.4240767955780029,0.12399999797344208,0.456270843744278,0.12399999797344208,0.463088721036911,0.12399999797344208,0.43490931391716,0.12399999797344208,0.4148671329021454,0.12399999797344208,0.4282661676406861,0.12399999797344208,0.4111561179161072,0.12399999797344208
86,86,0.16890428960323334,0.0689999982714653,0.15934821963310242,0.0689999982714653,0.15788041055202484,0.0689999982714653,0.15446370840072632,0.0689999982714653,0.16069193184375766,0.0689999982714653,0.1624050885438919,0.0689999982714653,0.1608540564775467,0.0689999982714653,0.15991845726966858,0.0689999982714653,0.1579388678073883,0.0689999982714653,0.1527472287416458,0.0689999982714653
87,87,0.0584096908569336,0.006000000052154064,0.09810911118984222,0.006000000052154064,0.060988247394561775,0.006000000052154064,0.062343031167984016,0.006000000052154064,0.022613152861595157,0.006000000052154064,0.02367588877677917,0.006000000052154064,0.054339796304702766,0.006000000052154064,0.08048611879348755,0.006000000052154064,0.052215397357940674,0.006000000052154064,0.06615076959133148,0.006000000052154064
88,88,0.08697057515382768,0.08500000089406967,0.11202427744865416,0.08500000089406967,0.0852249413728714,0.08500000089406967,0.08491994440555573,0.08500000089406967,0.059966132044792175,0.08500000089406967,0.06109297275543212,0.08500000089406967,0.08163417875766754,0.08500000089406967,0.09951576590538024,0.08500000089406967,0.0795339047908783,0.08500000089406967,0.08734466135501863,0.08500000089406967
89,89,1.1947264671325684,1.3459999561309814,1.2096813917160034,1.3459999561309814,1.1847500801086426,1.3459999561309814,1.2001074552536009,1.3459999561309814,1.1711080074310305,1.3459999561309814,1.181989073753357,1.3459999561309814,1.190249800682068,1.3459999561309814,1.1931471824645996,1.3459999561309814,1.1862759590148926,1.3459999561309814,1.188705325126648,1.3459999561309814
90,90,1.4561887979507446,1.2039999961853027,1.3953018188476562,1.2039999961853027,1.42621111869812,1.2039999961853027,1.3925856351852417,1.2039999961853027,1.4215412139892578,1.2039999961853027,1.4152321815490725,1.2039999961853027,1.4060978889465332,1.2039999961853027,1.396666169166565,1.2039999961853027,1.3824769258499146,1.2039999961853027,1.4048181772232056,1.2039999961853027
91,91,0.5036244392395021,0.7350000143051147,0.4621779918670654,0.7350000143051147,0.4867189526557922,0.7350000143051147,0.4893282055854797,0.7350000143051147,0.5172317624092102,0.7350000143051147,0.5255072116851807,0.7350000143051147,0.4976699352264404,0.7350000143051147,0.4798848628997803,0.7350000143051147,0.4908551871776581,0.7350000143051147,0.4749358892440796,0.7350000143051147
92,92,0.07072743773460388,0.1430000066757202,0.10394985228776933,0.1430000066757202,0.0713648796081543,0.1430000066757202,0.07196517288684845,0.1430000066757202,0.038890965282917016,0.1430000066757202,0.03997236490249634,0.1430000066757202,0.0660916417837143,0.1430000066757202,0.08856174349784851,0.1430000066757202,0.06400567293167114,0.1430000066757202,0.07518386840820312,0.1430000066757202
93,93,0.1932451128959656,0.19099999964237213,0.17556126415729525,0.19099999964237213,0.18024933338165286,0.19099999964237213,0.17634154856204987,0.19099999964237213,0.18914484977722168,0.19099999964237213,0.19114014506340027,0.19099999964237213,0.18465623259544373,0.19099999964237213,0.1794596016407013,0.19099999964237213,0.18136247992515564,0.19099999964237213,0.17340096831321716,0.19099999964237213
94,94,0.09860024601221083,0.05700000002980232,0.11806788295507432,0.05700000002980232,0.0952666699886322,0.05700000002980232,0.0943746417760849,0.05700000002980232,0.07480275630950928,0.05700000002980232,0.07597681879997252,0.05700000002980232,0.09279479086399077,0.05700000002980232,0.10756984353065492,0.05700000002980232,0.09064534306526184,0.05700000002980232,0.0962214320898056,0.05700000002980232
95,95,0.9814038276672364,0.5960000157356262,1.0114049911499023,0.5960000157356262,0.9776960611343384,0.5960000157356262,1.0008465051650999,0.5960000157356262,0.9707537889480592,0.5960000157356262,0.9859291315078736,0.5960000157356262,0.9877216815948486,0.5960000157356262,0.9948546886444092,0.5960000157356262,0.9862158298492432,0.5960000157356262,0.9847095608711244,0.5960000157356262
96,96,0.1566271185874939,0.3689999878406525,0.15154698491096494,0.3689999878406525,0.1467253863811493,0.3689999878406525,0.1436282992362976,0.3689999878406525,0.14611230790615082,0.3689999878406525,0.14770111441612244,0.3689999878406525,0.14889512956142426,0.3689999878406525,0.1503332108259201,0.3689999878406525,0.14615553617477414,0.3689999878406525,0.1425347626209259,0.3689999878406525
97,97,0.15581637620925906,0.30300000309944153,0.1510407030582428,0.30300000309944153,0.14599186182022095,0.30300000309944153,0.14291763305664062,0.30300000309944153,0.14514385163784027,0.30300000309944153,0.14672479033470154,0.30300000309944153,0.14810651540756226,0.30300000309944153,0.14970675110816956,0.30300000309944153,0.14537808299064636,0.30300000309944153,0.14186525344848633,0.30300000309944153
98,98,0.11654586344957353,0.09600000083446504,0.12782728672027588,0.09600000083446504,0.11094681173563004,0.09600000083446504,0.10924632847309113,0.09600000083446504,0.09731601178646088,0.09600000083446504,0.09858672320842744,0.09600000083446504,0.11007046699523926,0.09600000083446504,0.1203399896621704,0.09600000083446504,0.1077921986579895,0.09600000083446504,0.1101902350783348,0.09600000083446504
99,99,0.20440812408924106,0.13099999725818634,0.18332868814468384,0.13099999725818634,0.19061556458473208,0.13099999725818634,0.18654395639896396,0.13099999725818634,0.20200589299201965,0.13099999725818634,0.2041456401348114,0.13099999725818634,0.1956130862236023,0.13099999725818634,0.1886560022830963,0.13099999725818634,0.1921362280845642,0.13099999725818634,0.1830493062734604,0.13099999725818634
100,100,0.4641655087471008,0.5659999847412109,0.4187946617603302,0.5659999847412109,0.4462328553199768,0.5659999847412109,0.44704145193099976,0.5659999847412109,0.4779919683933258,0.5659999847412109,0.4853227734565735,0.5659999847412109,0.45707768201828,0.5659999847412109,0.43765589594841,0.5659999847412109,0.4503359496593475,0.5659999847412109,0.4335542321205139,0.5659999847412109
101,101,0.08410530537366867,0.045000001788139336,0.110569030046463,0.045000001788139336,0.0827658399939537,0.045000001788139336,0.08261324465274811,0.045000001788139336,0.056279174983501434,0.045000001788139336,0.05739623308181763,0.045000001788139336,0.0788886547088623,0.045000001788139336,0.09755846858024596,0.045000001788139336,0.07679575681686401,0.045000001788139336,0.08517922461032867,0.045000001788139336
102,102,1.0944138765335083,0.8460000157356262,1.1220968961715698,0.8460000157356262,1.0887351036071775,0.8460000157356262,1.1102668046951294,0.8460000157356262,1.0765674114227295,0.8460000157356262,1.090349197387695,0.8460000157356262,1.0973269939422607,0.8460000157356262,1.1032474040985107,0.8460000157356262,1.0955632925033572,0.8460000157356262,1.0958377122879028,0.8460000157356262
103,103,0.20787349343299866,0.2840000092983246,0.185782328248024,0.2840000092983246,0.19384680688381195,0.2840000092983246,0.18973204493522644,0.2840000092983246,0.20597562193870544,0.2840000092983246,0.2081620693206787,0.2840000092983246,0.19901961088180545,0.2840000092983246,0.19154036045074466,0.2840000092983246,0.19548510015010834,0.2840000092983246,0.18606646358966827,0.2840000092983246
104,104,1.3440330028533936,1.4240000247955322,1.322259545326233,1.4240000247955322,1.3237192630767822,1.4240000247955322,1.318264365196228,1.4240000247955322,1.3134173154830933,1.4240000247955322,1.3163907527923584,1.4240000247955322,1.318784236907959,1.4240000247955322,1.3173160552978516,1.4240000247955322,1.3065638542175293,1.4240000247955322,1.316396713256836,1.4240000247955322
105,105,0.09275175631046297,0.1899999976158142,0.11500108242034912,0.1899999976158142,0.09020470082759856,0.1899999976158142,0.0896015614271164,0.1899999976158142,0.067366823554039,0.1899999976158142,0.06851556897163391,0.1899999976158142,0.08717873692512512,0.1899999976158142,0.10349759459495544,0.1899999976158142,0.08505770564079285,0.1899999976158142,0.09173984825611116,0.1899999976158142
106,106,1.4608865976333618,1.5939999818801882,1.3981989622116089,1.5939999818801882,1.4304957389831543,1.5939999818801882,1.3953981399536133,1.5939999818801882,1.4260836839675903,1.5939999818801882,1.4193178415298462,1.5939999818801882,1.4095635414123535,1.5939999818801882,1.3983176946640017,1.5939999818801882,1.385346293449402,1.5939999818801882,1.4084075689315796,1.5939999818801882
107,107,0.06315861642360687,0.017000000923871994,0.10033220797777176,0.017000000923871994,0.06497475504875183,0.017000000923871994,0.0660315752029419,0.017000000923871994,0.02892039716243744,0.017000000923871994,0.029988780617713925,0.017000000923871994,0.05886700749397278,0.017000000923871994,0.0835757851600647,0.017000000923871994,0.0567629337310791,0.017000000923871994,0.0696137547492981,0.017000000923871994
108,108,0.2997846007347107,0.6859999895095825,0.2580834329128265,0.6859999895095825,0.2816249132156372,0.6859999895095825,0.277587354183197,0.6859999895095825,0.3078455626964569,0.6859999895095825,0.3115524649620056,0.6859999895095825,0.2902437746524811,0.6859999895095825,0.2728756666183472,0.6859999895095825,0.28517746925354004,0.6859999895095825,0.2696783244609833,0.6859999895095825
109,109,0.3987972140312195,0.4379999935626984,0.3506001830101013,0.4379999935626984,0.3798585832118988,0.4379999935626984,0.3781509399414063,0.4379999935626984,0.4117837846279144,0.4379999935626984,0.4175857305526733,0.4379999935626984,0.39024263620376587,0.4379999935626984,0.3696627914905548,0.4379999935626984,0.38392174243927,0.4379999935626984,0.3665330111980438,0.4379999935626984
110,110,0.06043843924999238,0.0,0.09905444830656053,0.0,0.0626891553401947,0.0,0.06391556560993195,0.0,0.0253126323223114,0.0,0.026377558708190918,0.0,0.056273341178894036,0.0,0.08180239796638489,0.0,0.0541585385799408,0.0,0.06762714684009552,0.0
111,111,0.09057588875293733,0.004999999888241291,0.11387434601783752,0.004999999888241291,0.08832764625549316,0.004999999888241291,0.08783528208732605,0.004999999888241291,0.06458739936351776,0.004999999888241291,0.06572757661342621,0.004999999888241291,0.08509118854999542,0.004999999888241291,0.1019938737154007,0.004999999888241291,0.08297890424728394,0.004999999888241291,0.09008152782917024,0.004999999888241291
112,112,0.3937629461288452,0.8009999990463257,0.3455643951892853,0.8009999990463257,0.37479034066200256,0.8009999990463257,0.3729175329208374,0.8009999990463257,0.4066141545772553,0.8009999990463257,0.4123016893863678,0.8009999990463257,0.3851199150085449,0.8009999990463257,0.3645465970039368,0.8009999990463257,0.3788462281227112,0.8009999990463257,0.3614630103111267,0.8009999990463257
113,113,1.535897731781006,1.3569999933242798,1.4432715177536009,1.3569999933242798,1.4873844385147097,1.3569999933242798,1.4368064403533936,1.3569999933242798,1.49858820438385,1.3569999933242798,1.4837517738342283,1.3569999933242798,1.461477756500244,1.3569999933242798,1.4228216409683228,1.3569999933242798,1.4274530410766602,1.3569999933242798,1.4466450214385986,1.3569999933242798
114,114,0.13195279240608215,0.11599999666213988,0.13662934303283691,0.11599999666213988,0.12457996606826782,0.11599999666213988,0.12227719277143477,0.11599999666213988,0.11630281805992125,0.11599999666213988,0.11767934262752533,0.11599999666213988,0.12495502829551695,0.11599999666213988,0.13163100183010099,0.11599999666213988,0.12252360582351685,0.11599999666213988,0.12243931740522385,0.11599999666213988
115,115,0.1730446070432663,0.1379999965429306,0.1620359718799591,0.1379999965429306,0.16166198253631592,0.1379999965429306,0.15814851224422455,0.1379999965429306,0.16557316482067108,0.1379999965429306,0.16733111441135404,0.1379999965429306,0.16489410400390625,0.1379999965429306,0.1631922423839569,0.1379999965429306,0.1619170606136322,0.1379999965429306,0.15622255206108093,0.1379999965429306
116,116,0.3016834259033203,0.7820000052452087,0.25972065329551697,0.7820000052452087,0.28347668051719666,0.7820000052452087,0.2794637382030487,0.7820000052452087,0.30988892912864685,0.7820000052452087,0.3136322498321533,0.7820000052452087,0.2921455800533295,0.7820000052452087,0.2746488153934479,0.7820000052452087,0.2870497703552246,0.7820000052452087,0.2714742422103882,0.7820000052452087
117,117,1.508135199546814,1.687000036239624,1.426810622215271,1.687000036239624,1.467349648475647,1.687000036239624,1.4222630262374878,1.687000036239624,1.4717764854431152,1.687000036239624,1.4600963592529297,1.687000036239624,1.4435222148895264,1.687000036239624,1.4141461849212646,1.687000036239624,1.412703275680542,1.687000036239624,1.433803915977478,1.687000036239624
118,118,1.3402479887008667,1.375,1.3196425437927246,1.375,1.3202420473098757,1.375,1.315526843070984,1.375,1.3097844123840332,1.375,1.3130180835723877,1.375,1.3156906366348269,1.375,1.3142863512039185,1.375,1.303768515586853,1.375,1.3133093118667605,1.375
119,119,1.2829580307006836,1.2130000591278076,1.2786060571670532,1.2130000591278076,1.2673596143722534,1.2130000591278076,1.2723920345306396,1.2130000591278076,1.254955530166626,1.2130000591278076,1.2617346048355105,1.2130000591278076,1.2677751779556274,1.2130000591278076,1.2677468061447144,1.2130000591278076,1.2597622871398926,1.2130000591278076,1.2656564712524414,1.2130000591278076
120,120,0.08267904818058014,0.02500000037252903,0.10984960943460463,0.02500000037252903,0.08154401183128357,0.02500000037252903,0.08146840333938599,0.02500000037252903,0.05443911254405975,0.02500000037252903,0.05555164813995361,0.02500000037252903,0.07752266526222229,0.02500000037252903,0.096588134765625,0.02500000037252903,0.07543271780014038,0.02500000037252903,0.08410456776618958,0.02500000037252903
121,121,1.2951864004135132,1.1169999837875366,1.287597417831421,1.1169999837875366,1.278691053390503,1.1169999837875366,1.2818617820739746,1.1169999837875366,1.266633152961731,1.1169999837875366,1.2727166414260864,1.1169999837875366,1.278170824050903,1.1169999837875366,1.2777947187423706,1.1169999837875366,1.2694153785705566,1.1169999837875366,1.2759764194488523,1.1169999837875366
122,122,0.14696289598941806,0.2440000027418137,0.14558331668376925,0.2440000027418137,0.13800722360610962,0.2440000027418137,0.135196715593338,0.2440000027418137,0.13452032208442688,0.2440000027418137,0.13601988554000854,0.2440000027418137,0.13950341939926147,0.2440000027418137,0.14291802048683167,0.2440000027418137,0.13689255714416504,0.2440000027418137,0.1345948576927185,0.2440000027418137
123,123,0.9097187519073486,0.6100000143051147,0.9350304007530212,0.6100000143051147,0.9057623147964478,0.6100000143051147,0.9277796745300292,0.6100000143051147,0.9037927389144896,0.6100000143051147,0.919009804725647,0.6100000143051147,0.9161152839660645,0.6100000143051147,0.9222378730773926,0.6100000143051147,0.9139585494995116,0.6100000143051147,0.911101460456848,0.6100000143051147
124,124,0.16973043978214264,0.08900000154972076,0.15988223254680636,0.08900000154972076,0.158634215593338,0.08900000154972076,0.15519778430461886,0.08900000154972076,0.1616673469543457,0.08900000154972076,0.16338934004306793,0.08900000154972076,0.16165994107723236,0.08900000154972076,0.16057004034519196,0.08900000154972076,0.15873248875141144,0.08900000154972076,0.15343941748142242,0.08900000154972076
125,125,0.7825008630752563,0.8019999861717224,0.7901522517204285,0.8019999861717224,0.7757606506347656,0.8019999861717224,0.7930243015289307,0.8019999861717224,0.7846871614456177,0.8019999861717224,0.7987377643585205,0.8019999861717224,0.7863332033157349,0.8019999861717224,0.7870805263519287,0.8019999861717224,0.7822916507720947,0.8019999861717224,0.7760362029075623,0.8019999861717224
126,126,0.096399188041687,0.13899999856948853,0.11690713465213776,0.13899999856948853,0.09335879981517793,0.13899999856948853,0.09257394075393677,0.13899999856948853,0.07201023399829865,0.13899999856948853,0.0731743574142456,0.13899999856948853,0.09068039059638976,0.13899999856948853,0.10603207349777223,0.13899999856948853,0.08854252099990845,0.13899999856948853,0.09453065693378447,0.13899999856948853
127,127,0.19154134392738345,0.10100000351667404,0.17439411580562592,0.10100000351667404,0.17867298424243927,0.10100000351667404,0.1747935712337494,0.10100000351667404,0.18717187643051147,0.10100000351667404,0.1891459971666336,0.10100000351667404,0.18298619985580444,0.10100000351667404,0.1780688613653183,0.10100000351667404,0.17972001433372498,0.10100000351667404,0.17193801701068878,0.10100000351667404
128,128,0.2165987640619278,0.09799999743700027,0.1920490562915802,0.09799999743700027,0.202009916305542,0.09799999743700027,0.1978020817041397,0.09799999743700027,0.2159246802330017,0.09799999743700027,0.2182324379682541,0.09799999743700027,0.2076076865196228,0.09799999743700027,0.1988639533519745,0.09799999743700027,0.20392653346061707,0.09799999743700027,0.1937090754508972,0.09799999743700027
129,129,1.3402479887008667,1.003000020980835,1.3196425437927246,1.003000020980835,1.3202420473098757,1.003000020980835,1.315526843070984,1.003000020980835,1.3097844123840332,1.003000020980835,1.3130180835723877,1.003000020980835,1.3156906366348269,1.003000020980835,1.3142863512039185,1.003000020980835,1.303768515586853,1.003000020980835,1.3133093118667605,1.003000020980835
130,130,0.06111690402030945,0.014999999664723871,0.0993720144033432,0.014999999664723871,0.06325866281986238,0.014999999664723871,0.06444251537322998,0.014999999664723871,0.02621367573738098,0.014999999664723871,0.02727934718132019,0.014999999664723871,0.056920081377029426,0.014999999664723871,0.08224381506443024,0.014999999664723871,0.05480813980102539,0.014999999664723871,0.06812192499637604,0.014999999664723871
131,131,0.06315861642360687,0.014000000432133676,0.10033220797777176,0.014000000432133676,0.06497475504875183,0.014000000432133676,0.0660315752029419,0.014000000432133676,0.02892039716243744,0.014000000432133676,0.029988780617713925,0.014000000432133676,0.05886700749397278,0.014000000432133676,0.0835757851600647,0.014000000432133676,0.0567629337310791,0.014000000432133676,0.0696137547492981,0.014000000432133676
132,132,0.10007285326719284,0.15199999511241913,0.11884883046150208,0.15199999511241913,0.0965450257062912,0.15199999511241913,0.09558220207691193,0.15199999511241913,0.07666721940040587,0.15199999511241913,0.07784807682037354,0.15199999511241913,0.09420992434024812,0.15199999511241913,0.10860219597816467,0.15199999511241913,0.0920521914958954,0.15199999511241913,0.0973554104566574,0.15199999511241913
133,133,0.07142196595668793,0.01899999938905239,0.10428639501333237,0.01899999938905239,0.07195346057415009,0.01899999938905239,0.07251298427581787,0.01899999938905239,0.03980094194412232,0.01899999938905239,0.04088383913040161,0.01899999938905239,0.06675513088703157,0.01899999938905239,0.08902302384376526,0.01899999938905239,0.06466998159885406,0.01899999938905239,0.07569807767868042,0.01899999938905239
134,134,0.28845077753067017,0.2029999941587448,0.24842911958694455,0.2029999941587448,0.2706018090248108,0.2029999941587448,0.2664354145526886,0.2029999941587448,0.2956027984619141,0.2029999941587448,0.29909592866897583,0.2029999941587448,0.27890637516975403,0.2029999941587448,0.262366384267807,0.2029999941587448,0.27401918172836304,0.2029999941587448,0.2590133845806122,0.2029999941587448
135,135,0.13039381802082062,0.09600000083446504,0.13572081923484802,0.09600000083446504,0.12319351732730865,0.09600000083446504,0.12094788998365402,0.09600000083446504,0.11439520865678787,0.09600000083446504,0.11576016247272493,0.09600000083446504,0.12344670295715332,0.09600000083446504,0.13047485053539276,0.09600000083446504,0.12103240191936493,0.09600000083446504,0.12118931859731676,0.09600000083446504
136,136,0.9135699272155762,0.9139999747276306,0.9392435550689696,0.9139999747276306,0.9096540212631226,0.9139999747276306,0.9317662715911864,0.9139999747276306,0.9073903560638428,0.9139999747276306,0.9226195812225342,0.9139999747276306,0.919995665550232,0.9139999747276306,0.9262107610702516,0.9139999747276306,0.9178848266601562,0.9139999747276306,0.9151094555854796,0.9139999747276306
137,137,0.8330466747283936,1.4049999713897705,0.8488938212394714,1.4049999713897705,0.8277183771133423,1.4049999713897705,0.8471982479095459,1.4049999713897705,0.832098126411438,1.4049999713897705,0.8467762470245361,1.4049999713897705,0.8382217884063721,1.4049999713897705,0.8416153192520142,1.4049999713897705,0.8349834680557251,1.4049999713897705,0.8302441835403442,1.4049999713897705
138,138,0.217476099729538,0.2680000066757202,0.19268622994422915,0.2680000066757202,0.20283286273479464,0.2680000066757202,0.19861695170402527,0.2680000066757202,0.21692150831222531,0.2680000066757202,0.21924176812171936,0.2680000066757202,0.20847207307815552,0.2680000066757202,0.19960516691207889,0.2680000066757202,0.20477613806724548,0.2680000066757202,0.19448111951351169,0.2680000066757202
139,139,1.1011359691619873,0.8830000162124634,1.1282824277877808,0.8830000162124634,1.0952436923980713,0.8830000162124634,1.1165179014205933,0.8830000162124634,1.082880616188049,0.8830000162124634,1.0965207815170288,0.8830000162124634,1.1036945581436155,0.8830000162124634,1.1094542741775513,0.8830000162124634,1.1018491983413696,0.8830000162124634,1.102237105369568,0.8830000162124634
140,140,0.11125008761882782,0.05299999937415123,0.12489228695631027,0.05299999937415123,0.1062968447804451,0.05299999937415123,0.1048227995634079,0.05299999937415123,0.09071844816207886,0.05299999937415123,0.09195765852928163,0.05299999937415123,0.10496556758880617,0.05299999937415123,0.11652864515781405,0.05299999937415123,0.10273142158985138,0.05299999937415123,0.1060343012213707,0.05299999937415123
141,141,0.6075700521469116,0.944000005722046,0.5821270942687988,0.944000005722046,0.5943039655685425,0.944000005722046,0.6023064851760864,0.944000005722046,0.6185646057128906,0.944000005722046,0.6292821168899536,0.944000005722046,0.6051980257034302,0.944000005722046,0.5938599109649658,0.944000005722046,0.5988349914550781,0.944000005722046,0.5862614512443542,0.944000005722046
142,142,1.5747848749160769,1.6119999885559082,1.453447937965393,1.6119999885559082,1.511138677597046,1.6119999885559082,1.4555751085281372,1.6119999885559082,1.536007285118103,1.6119999885559082,1.5164194107055664,1.6119999885559082,1.4811965227127075,1.6119999885559082,1.4342584609985352,1.6119999885559082,1.4463717937469482,1.6119999885559082,1.4634405374526978,1.6119999885559082
143,143,0.12728801369667053,0.090999998152256,0.13392286002635956,0.090999998152256,0.12043603509664536,0.090999998152256,0.11830677092075348,0.090999998152256,0.11058589816093443,0.090999998152256,0.11192820966243744,0.090999998152256,0.12044325470924375,0.090999998152256,0.12818071246147156,0.090999998152256,0.11806191504001615,0.090999998152256,0.11870602518320085,0.090999998152256
144,144,0.07003402709960938,0.050999999046325684,0.10361456871032716,0.050999999046325684,0.07077762484550476,0.050999999046325684,0.07141880691051483,0.050999999046325684,0.03798159956932068,0.050999999046325684,0.0390615463256836,0.050999999046325684,0.06542930006980896,0.050999999046325684,0.08810178935527803,0.050999999046325684,0.06334233283996582,0.050999999046325684,0.07467092573642731,0.050999999046325684
145,145,1.227636694908142,1.246000051498413,1.2362463474273682,1.246000051498413,1.2157496213912964,1.246000051498413,1.227857232093811,1.246000051498413,1.202300190925598,1.246000051498413,1.2118334770202637,1.246000051498413,1.2196649312973022,1.246000051498413,1.2214272022247314,1.246000051498413,1.214441418647766,1.246000051498413,1.2179250717163086,1.246000051498413
146,146,0.12651410698890686,0.08699999749660492,0.1334773600101471,0.08699999749660492,0.11974983662366867,0.08699999749660492,0.1176501363515854,0.08699999749660492,0.10963480174541472,0.08699999749660492,0.1109716296195984,0.08699999749660492,0.11969512701034545,0.08699999749660492,0.1276109516620636,0.08699999749660492,0.11732184886932373,0.08699999749660492,0.1180887371301651,0.08699999749660492
147,147,1.2850098609924316,1.5809999704360962,1.2801238298416138,1.5809999704360962,1.2692627906799316,1.5809999704360962,1.2739908695220947,1.5809999704360962,1.2569140195846558,1.5809999704360962,1.2635785341262815,1.5809999704360962,1.2695256471633911,1.5809999704360962,1.269437313079834,1.5809999704360962,1.2613914012908936,1.5809999704360962,1.267393708229065,1.5809999704360962
148,148,0.11959463357925415,0.17900000512599945,0.1295379400253296,0.17900000512599945,0.11363226920366287,0.17900000512599945,0.11180594563484192,0.17900000512599945,0.10109734535217284,0.17900000512599945,0.10238733887672424,0.17900000512599945,0.1130119413137436,0.17900000512599945,0.12255041301250458,0.17900000512599945,0.11070626974105836,0.17900000512599945,0.11259555071592332,0.17900000512599945
149,149,0.4333254992961884,0.3950000107288361,0.3859986364841461,0.3950000107288361,0.4147956967353821,0.3950000107288361,0.41433608531951904,0.3950000107288361,0.4469585120677948,0.3950000107288361,0.4535593390464783,0.3950000107288361,0.4254753589630127,0.3950000107288361,0.4052361249923706,0.3950000107288361,0.418886661529541,0.3950000107288361,0.4016724228858948,0.3950000107288361
150,150,0.12806296348571775,0.14900000393390656,0.13436999917030334,0.14900000393390656,0.12112347781658173,0.14900000393390656,0.11896486580371855,0.14900000393390656,0.11153748631477356,0.14900000393390656,0.11288540065288545,0.14900000393390656,0.12119245529174805,0.14900000393390656,0.1287519931793213,0.14900000393390656,0.1188029944896698,0.14900000393390656,0.11932474374771118,0.14900000393390656
151,151,0.16232946515083313,0.4110000133514404,0.1551390290260315,0.4110000133514404,0.15189558267593384,0.4110000133514404,0.14864394068717954,0.4110000133514404,0.1529039889574051,0.4110000133514404,0.1545490175485611,0.4110000133514404,0.15444578230381012,0.4110000133514404,0.1547623723745346,0.4110000133514404,0.15162615478038788,0.4110000133514404,0.14726072549819946,0.4110000133514404
152,152,1.518959641456604,1.5249999761581419,1.433253049850464,1.5249999761581419,1.475200891494751,1.5249999761581419,1.4280450344085691,1.5249999761581419,1.482236385345459,1.5249999761581419,1.4693492650985718,1.5249999761581419,1.451068639755249,1.5249999761581419,1.4175814390182495,1.5249999761581419,1.4185742139816284,1.5249999761581419,1.4388962984085083,1.5249999761581419
153,153,1.0977801084518433,1.9229999780654907,1.1252000331878662,1.9229999780654907,1.0919958353042605,1.9229999780654907,1.113400936126709,1.9229999780654907,1.0797284841537476,1.9229999780654907,1.093440294265747,1.9229999780654907,1.100517988204956,1.9229999780654907,1.1063591241836548,1.9229999780654907,1.0987145900726318,1.9229999780654907,1.0990453958511353,1.9229999780654907
154,154,0.061796367168426514,0.037000000476837165,0.09969086945056917,0.037000000476837165,0.06382939219474792,0.037000000476837165,0.06497080624103546,0.037000000476837165,0.027115315198898315,0.037000000476837165,0.028181910514831543,0.037000000476837165,0.05756795406341553,0.037000000476837165,0.08268648386001587,0.037000000476837165,0.05545878410339356,0.037000000476837165,0.06861788034439087,0.037000000476837165
155,155,0.4180316627025604,0.8429999947547913,0.3701386153697968,0.8429999947547913,0.3992843329906464,0.8429999947547913,0.39824801683425903,0.8429999947547913,0.43143755197525024,0.8429999947547913,0.43768149614334106,0.8429999947547913,0.4098489880561829,0.8429999947547913,0.38937869668006897,0.8429999947547913,0.4033666849136353,0.8429999947547913,0.3860313296318054,0.8429999947547913
156,156,0.12574119865894318,0.06499999761581421,0.1330333650112152,0.06499999761581421,0.11906497925519945,0.06499999761581421,0.11699497699737547,0.06499999761581421,0.10868419706821443,0.06499999761581421,0.1100156307220459,0.06499999761581421,0.11894814670085907,0.06499999761581421,0.12704269587993622,0.06499999761581421,0.11658269166946413,0.06499999761581421,0.117472805082798,0.06499999761581421
157,157,1.4386204481124878,2.4579999446868896,1.3843684196472168,2.4579999446868896,1.4101905822753906,2.4579999446868896,1.3818448781967163,2.4579999446868896,1.4045573472976685,2.4579999446868896,1.3999086618423462,2.4579999446868896,1.3929965496063232,2.4579999446868896,1.3903595209121704,2.4579999446868896,1.3715144395828247,2.4579999446868896,1.3913228511810305,2.4579999446868896
158,158,1.7635229825973509,2.0150001049041752,1.4751899242401123,2.0150001049041752,1.5655535459518433,2.0150001049041752,1.5185060501098633,2.0150001049041752,1.7088788747787476,2.0150001049041752,1.6616261005401611,2.0150001049041752,1.5588010549545288,2.0150001049041752,1.456910490989685,2.0150001049041752,1.5055031776428225,2.0150001049041752,1.5276061296463013,2.0150001049041752
159,159,0.15016858279705048,0.17399999499320984,0.1475442349910736,0.17399999499320984,0.1408928781747818,0.17399999499320984,0.13798388838768005,0.17399999499320984,0.13837705552577972,0.17399999499320984,0.13990531861782074,0.17399999499320984,0.14261658489704132,0.17399999499320984,0.14536496996879578,0.17399999499320984,0.13996407389640808,0.17399999499320984,0.13721883296966553,0.17399999499320984
160,160,1.1194095611572266,0.9269999861717224,1.144866704940796,0.9269999861717224,1.1128824949264526,0.9269999861717224,1.1333506107330322,0.9269999861717224,1.1000573635101318,0.9269999861717224,1.1132760047912598,0.9269999861717224,1.1209081411361694,0.9269999861717224,1.1261918544769287,0.9269999861717224,1.1187964677810671,0.9269999861717224,1.1195074319839478,0.9269999861717224
161,161,1.1947264671325684,0.9679999947547911,1.2096813917160034,0.9679999947547911,1.1847500801086426,0.9679999947547911,1.2001074552536009,0.9679999947547911,1.1711080074310305,0.9679999947547911,1.181989073753357,0.9679999947547911,1.190249800682068,0.9679999947547911,1.1931471824645996,0.9679999947547911,1.1862759590148926,0.9679999947547911,1.188705325126648,0.9679999947547911
162,162,0.9896761178970336,1.277999997138977,1.0199251174926758,1.277999997138977,0.9859251976013184,1.277999997138977,1.0091115236282349,1.277999997138977,0.9784843921661376,1.277999997138977,0.993616223335266,1.277999997138977,0.9958921670913696,1.277999997138977,1.003046631813049,1.277999997138977,0.9944282770156859,1.277999997138977,0.993058979511261,1.277999997138977
163,163,0.9469044208526612,1.371000051498413,0.9752024412155152,1.371000051498413,0.9432129859924316,1.371000051498413,0.9659924507141112,1.371000051498413,0.9385253190994264,1.371000051498413,0.9537932872772216,1.371000051498413,0.9534308910369872,1.371000051498413,0.9602648019790648,1.371000051498413,0.9516704082489014,1.371000051498413,0.949555516242981,1.371000051498413
164,164,0.7393587827682495,0.5770000219345093,0.7391669750213623,0.5770000219345093,0.7311730384826659,0.5770000219345093,0.7463071346282959,0.5770000219345093,0.7440668344497681,0.5770000219345093,0.757440447807312,0.5770000219345093,0.7418109178543091,0.5770000219345093,0.7398695945739746,0.5770000219345093,0.7370897531509399,0.5770000219345093,0.7293854355812073,0.5770000219345093
165,165,0.1932451128959656,0.2960000038146973,0.17556126415729525,0.2960000038146973,0.18024933338165286,0.2960000038146973,0.17634154856204987,0.2960000038146973,0.18914484977722168,0.2960000038146973,0.19114014506340027,0.2960000038146973,0.18465623259544373,0.2960000038146973,0.1794596016407013,0.2960000038146973,0.18136247992515564,0.2960000038146973,0.17340096831321716,0.2960000038146973
166,166,0.80283522605896,0.6579999923706055,0.8139361143112183,0.6579999923706055,0.7967044115066528,0.6579999923706055,0.8149014711380005,0.6579999923706055,0.8037800788879395,0.6579999923706055,0.8181062936782837,0.6579999923706055,0.8072491884231567,0.6579999923706055,0.8091335296630859,0.6579999923706055,0.8035330772399902,0.6579999923706055,0.7979129552841187,0.6579999923706055
167,167,0.43025949597358704,0.382999986410141,0.3827968835830689,0.382999986410141,0.4116816818714142,0.382999986410141,0.4111035466194153,0.382999986410141,0.4438542425632477,0.382999986410141,0.4503832459449768,0.382999986410141,0.4223401844501496,0.382999986410141,0.4020448625087738,0.382999986410141,0.4157711863517761,0.382999986410141,0.3985274434089661,0.382999986410141
168,168,0.12496931850910188,0.16099999845027926,0.13259100914001465,0.16099999845027926,0.11838139593601227,0.16099999845027926,0.1163412258028984,0.16099999845027926,0.1077340766787529,0.16099999845027926,0.10906004905700684,0.16099999845027926,0.11820226907730105,0.16099999845027926,0.12647594511508942,0.16099999845027926,0.11584463715553285,0.16099999845027926,0.11685828119516373,0.16099999845027926
169,169,0.8340473175048828,0.5230000019073486,0.850042998790741,0.5230000019073486,0.8287433385848999,0.5230000019073486,0.8482632637023926,0.5230000019073486,0.8330351114273071,0.5230000019073486,0.8477237224578857,0.5230000019073486,0.8392453193664551,0.5230000019073486,0.8426849842071533,0.5230000019073486,0.8360226154327393,0.5230000019073486,0.8313111662864685,0.5230000019073486
170,170,1.1308757066726685,1.212000012397766,1.1551010608673096,1.212000012397766,1.1239094734191897,1.212000012397766,1.1437904834747314,1.212000012397766,1.1108465194702148,1.212000012397766,1.1237727403640747,1.212000012397766,1.1316348314285278,1.212000012397766,1.13659405708313,1.212000012397766,1.129321575164795,1.212000012397766,1.1302491426467896,1.212000012397766
171,171,0.06111690402030945,0.032999999821186066,0.0993720144033432,0.032999999821186066,0.06325866281986238,0.032999999821186066,0.06444251537322998,0.032999999821186066,0.02621367573738098,0.032999999821186066,0.02727934718132019,0.032999999821186066,0.056920081377029426,0.032999999821186066,0.08224381506443024,0.032999999821186066,0.05480813980102539,0.032999999821186066,0.06812192499637604,0.032999999821186066
172,172,0.08482001721858977,0.09799999743700027,0.11093079298734664,0.09799999743700027,0.08337874710559845,0.09799999743700027,0.08318780362606049,0.09799999743700027,0.05720007419586181,0.09799999743700027,0.05831959843635559,0.09799999743700027,0.0795733779668808,0.09799999743700027,0.09804567694664,0.09799999743700027,0.07747887074947357,0.09799999743700027,0.0857185572385788,0.09799999743700027
173,173,1.4402400255203247,1.2389999628067017,1.3853832483291626,1.2389999628067017,1.4116675853729248,1.2389999628067017,1.3828495740890503,1.2389999628067017,1.4061226844787598,1.2389999628067017,1.4013242721557615,1.2389999628067017,1.3942135572433472,1.2389999628067017,1.3909497261047363,1.2389999628067017,1.3725403547286987,1.2389999628067017,1.3925719261169434,1.2389999628067017
174,174,0.723825216293335,0.0989999994635582,0.7206817865371704,0.0989999994635582,0.7150774002075195,0.0989999994635582,0.7294055223464966,0.0989999994635582,0.7293967008590698,0.0989999994635582,0.7424989938735962,0.0989999994635582,0.7257418632507324,0.0989999994635582,0.7227566242218018,0.0989999994635582,0.7207856774330139,0.0989999994635582,0.7125312089920044,0.0989999994635582
175,175,0.06727098673582077,0.019999999552965164,0.1022864282131195,0.019999999552965164,0.06844121217727661,0.019999999552965164,0.06924721598625183,0.019999999552965164,0.03435003757476806,0.019999999552965164,0.0354248583316803,0.019999999552965164,0.06279101967811583,0.019999999552965164,0.08627542853355408,0.019999999552965164,0.06069886684417725,0.019999999552965164,0.07263250648975372,0.019999999552965164
176,176,0.08840950578451158,0.07599999755620956,0.11276012659072875,0.07599999755620956,0.08646218478679657,0.07599999755620956,0.08608177304267882,0.07599999755620956,0.06181296706199646,0.07599999755620956,0.06294500827789308,0.07599999755620956,0.0830136239528656,0.07599999755620956,0.1005028486251831,0.07599999755620956,0.0809088945388794,0.07599999755620956,0.08843536674976349,0.07599999755620956
177,177,0.5570536851882935,0.5090000033378601,0.5230059623718262,0.5090000033378601,0.5418952703475952,0.5090000033378601,0.5471892356872559,0.5090000033378601,0.5696450471878052,0.5090000033378601,0.579194188117981,0.5090000033378601,0.5528585314750671,0.5090000033378601,0.5381002426147461,0.5090000033378601,0.5461636781692505,0.5090000033378601,0.5318228602409363,0.5090000033378601
178,178,1.3884332180023191,1.6399999856948853,1.3521606922149658,1.6399999856948853,1.3643897771835327,1.6399999856948853,1.349287509918213,1.6399999856948853,1.3561216592788696,1.6399999856948853,1.3557884693145752,1.6399999856948853,1.3543747663497925,1.6399999856948853,1.352491855621338,1.6399999856948853,1.3382560014724731,1.6399999856948853,1.35207998752594,1.6399999856948853
179,179,0.8844860792160034,0.5450000166893005,0.9071422219276428,0.5450000166893005,0.8801940679550171,0.5450000166893005,0.9015067815780641,0.5450000166893005,0.8802164793014526,0.5450000166893005,0.8953171968460083,0.5450000166893005,0.8906097412109375,0.5450000166893005,0.896018385887146,0.5450000166893005,0.8881280422210693,0.5450000166893005,0.8847068548202515,0.5450000166893005
180,180,0.06865034997463226,0.03400000184774399,0.10294796526432036,0.03400000184774399,0.06960687041282654,0.03400000184774399,0.07033021748065947,0.03400000184774399,0.03616461902856827,0.03400000184774399,0.037241876125335686,0.03400000184774399,0.06410789489746094,0.03400000184774399,0.08718591928482056,0.03400000184774399,0.06201869249343873,0.03400000184774399,0.0736490786075592,0.03400000184774399
181,181,0.17804428935050964,0.28600001335144043,0.16531985998153687,0.28600001335144043,0.1662413477897644,0.28600001335144043,0.16261836886405945,0.28600001335144043,0.1714443862438202,0.28600001335144043,0.17325817048549652,0.28600001335144043,0.16977746784687042,0.28600001335144043,0.1671731173992157,0.28600001335144043,0.16672423481941226,0.28600001335144043,0.16044004261493686,0.28600001335144043
182,182,0.07211753726005554,0.09399999678134917,0.10462426394224167,0.09399999678134917,0.07254330813884735,0.09399999678134917,0.07306213676929474,0.09399999678134917,0.040711477398872375,0.09399999678134917,0.04179583489894867,0.09399999678134917,0.06741972267627716,0.09399999678134917,0.08948564529418945,0.09399999678134917,0.06533527374267578,0.09399999678134917,0.07621361315250398,0.09399999678134917
183,183,0.40991342067718506,0.3269999921321869,0.36183524131774897,0.3269999921321869,0.3910736441612244,0.3269999921321869,0.3897463977336884,0.3269999921321869,0.4231608808040619,0.3269999921321869,0.4292173087596893,0.3269999921321869,0.4015672504901886,0.3269999921321869,0.3810252845287323,0.3269999921321869,0.3951493501663208,0.3269999921321869,0.3777775168418884,0.3269999921321869
184,184,1.080847144126892,0.8420000076293945,1.1094746589660645,0.8420000076293945,1.0755654573440552,0.8420000076293945,1.0975567102432249,0.8420000076293945,1.0638339519500732,0.8420000076293945,1.0778801441192627,0.8420000076293945,1.084419012069702,0.8420000076293945,1.0906388759613037,0.8420000076293945,1.0827943086624146,0.8420000076293945,1.0828472375869749,0.8420000076293945
185,185,0.07072743773460388,0.04800000041723251,0.10394985228776933,0.04800000041723251,0.0713648796081543,0.04800000041723251,0.07196517288684845,0.04800000041723251,0.038890965282917016,0.04800000041723251,0.03997236490249634,0.04800000041723251,0.0660916417837143,0.04800000041723251,0.08856174349784851,0.04800000041723251,0.06400567293167114,0.04800000041723251,0.07518386840820312,0.04800000041723251
186,186,1.0506038665771484,0.9179999828338624,1.0806729793548584,0.9179999828338624,1.0460484027862549,0.9179999828338624,1.0687843561172483,0.9179999828338624,1.0354833602905271,0.9179999828338624,1.0500190258026123,0.9179999828338624,1.055383563041687,0.9179999828338624,1.0621343851089478,0.9179999828338624,1.0539526939392092,0.9179999828338624,1.0535340309143066,0.9179999828338624
187,187,1.3242496252059937,1.5980000495910645,1.3084560632705688,1.5980000495910645,1.3055243492126465,1.5980000495910645,1.303800106048584,1.5980000495910645,1.294443130493164,1.5980000495910645,1.2987409830093384,1.5980000495910645,1.302514672279358,1.5980000495910645,1.3014224767684937,1.5980000495910645,1.2917964458465576,1.5980000495910645,1.3001781702041626,1.5980000495910645
188,188,1.0851043462753296,0.8899999856948853,1.1134554147720337,0.8899999856948853,1.079702854156494,0.8899999856948853,1.1015584468841553,0.8899999856948853,1.0678285360336304,0.8899999856948853,1.0817947387695312,0.8899999856948853,1.0884774923324585,0.8899999856948853,1.09460711479187,0.8899999856948853,1.0868128538131714,0.8899999856948853,1.0869343280792236,0.8899999856948853
189,189,1.191672921180725,1.2089999914169312,1.2071634531021118,1.2089999914169312,1.1818617582321167,1.2089999914169312,1.1974873542785645,1.2089999914169312,1.1682188510894775,1.2089999914169312,1.179214358329773,1.2089999914169312,1.1874920129776,1.2089999914169312,1.1904942989349363,1.2089999914169312,1.1836198568344116,1.2089999914169312,1.185962796211243,1.2089999914169312
190,190,0.10303056240081787,0.0729999989271164,0.12042813748121263,0.0729999989271164,0.0991172194480896,0.0729999989271164,0.0980146825313568,0.0729999989271164,0.08040254563093185,0.0729999989271164,0.081597700715065,0.0729999989271164,0.09705358743667604,0.0729999989271164,0.11068402230739594,0.0729999989271164,0.09487791359424592,0.0729999989271164,0.09963962435722352,0.0729999989271164
191,191,0.13039381802082062,0.119999997317791,0.13572081923484802,0.119999997317791,0.12319351732730865,0.119999997317791,0.12094788998365402,0.119999997317791,0.11439520865678787,0.119999997317791,0.11576016247272493,0.119999997317791,0.12344670295715332,0.119999997317791,0.13047485053539276,0.119999997317791,0.12103240191936493,0.119999997317791,0.12118931859731676,0.119999997317791
192,192,0.5970408320426941,0.4099999964237213,0.5697071552276611,0.4099999964237213,0.5833679437637329,0.4099999964237213,0.5907971262931824,0.4099999964237213,0.6084133386611938,0.4099999964237213,0.6188916563987732,0.4099999964237213,0.5942802429199219,0.4099999964237213,0.5821998715400696,0.4099999964237213,0.5878317356109619,0.4099999964237213,0.5748755931854248,0.4099999964237213
193,193,1.341511845588684,1.4190000295639038,1.3205177783966064,1.4190000295639038,1.3214035034179688,1.4190000295639038,1.3164427280426023,1.4190000295639038,1.310997486114502,1.4190000295639038,1.3141446113586426,1.4190000295639038,1.3167247772216797,1.4190000295639038,1.3152986764907837,1.4190000295639038,1.3047037124633791,1.4190000295639038,1.3143411874771118,1.4190000295639038
194,194,1.187841534614563,1.4299999475479126,1.2039905786514282,1.4299999475479126,1.1782348155975342,1.4299999475479126,1.194188952445984,1.4299999475479126,1.1645944118499756,1.4299999475479126,1.1757314205169678,1.4299999475479126,1.1840250492095947,1.4299999475479126,1.187158226966858,1.4299999475479126,1.1802771091461182,1.4299999475479126,1.182513952255249,1.4299999475479126
195,195,0.06111690402030945,0.03400000184774399,0.0993720144033432,0.03400000184774399,0.06325866281986238,0.03400000184774399,0.06444251537322998,0.03400000184774399,0.02621367573738098,0.03400000184774399,0.02727934718132019,0.03400000184774399,0.056920081377029426,0.03400000184774399,0.08224381506443024,0.03400000184774399,0.05480813980102539,0.03400000184774399,0.06812192499637604,0.03400000184774399
196,196,0.12419844418764114,0.08399999886751175,0.13215017318725586,0.08399999886751175,0.11769908666610718,0.08399999886751175,0.11568902432918547,0.08399999886751175,0.10678447037935256,0.08399999886751175,0.1081051379442215,0.08399999886751175,0.11745744943618774,0.08399999886751175,0.1259106546640396,0.08399999886751175,0.11510759592056274,0.08399999886751175,0.11624514311552048,0.08399999886751175
197,197,0.8400423526763916,0.7639999985694885,0.8569154143333435,0.7639999985694885,0.8348805904388428,0.7639999985694885,0.8546376228332521,0.7639999985694885,0.8386482000350952,0.7639999985694885,0.8533974885940552,0.7639999985694885,0.8453739881515503,0.7639999985694885,0.8490839004516602,0.7639999985694885,0.8422439098358154,0.7639999985694885,0.8376972675323486,0.7639999985694885
198,198,0.062476947903633125,0.04100000113248825,0.1000109165906906,0.04100000113248825,0.06440147757530212,0.04100000113248825,0.06550052762031555,0.04100000113248825,0.02801758050918579,0.04100000113248825,0.0290849506855011,0.04100000113248825,0.058216929435729974,0.04100000113248825,0.08313050866127014,0.04100000113248825,0.05611041188240051,0.04100000113248825,0.06911522150039673,0.04100000113248825
199,199,0.2865718603134155,0.008999999612569809,0.2468482255935669,0.008999999612569809,0.26877936720848083,0.008999999612569809,0.2645946443080902,0.008999999612569809,0.2935653626918793,0.008999999612569809,0.2970236837863922,0.008999999612569809,0.2770291864871979,0.008999999612569809,0.26063650846481323,0.008999999612569809,0.27217215299606323,0.008999999612569809,0.2572544813156128,0.008999999612569809
200,200,0.0584096908569336,0.003000000026077032,0.09810911118984222,0.003000000026077032,0.060988247394561775,0.003000000026077032,0.062343031167984016,0.003000000026077032,0.022613152861595157,0.003000000026077032,0.02367588877677917,0.003000000026077032,0.054339796304702766,0.003000000026077032,0.08048611879348755,0.003000000026077032,0.052215397357940674,0.003000000026077032,0.06615076959133148,0.003000000026077032
201,201,1.0427026748657229,0.8700000047683716,1.0729988813400269,0.8700000047683716,1.0383009910583496,0.8700000047683716,1.0611711740493774,0.8700000047683716,1.0280840396881104,0.8700000047683716,1.042725682258606,0.8700000047683716,1.0477412939071655,0.8700000047683716,1.0545971393585205,0.8700000047683716,1.04633629322052,0.8700000047683716,1.045796513557434,0.8700000047683716
202,202,0.275360107421875,0.20900000631809235,0.2375319004058838,0.20900000631809235,0.25793492794036865,0.20900000631809235,0.2536591589450836,0.20900000631809235,0.2813600897789001,0.20900000631809235,0.2846146523952484,0.20900000631809235,0.26584163308143616,0.20900000631809235,0.2503888010978699,0.20900000631809235,0.2611672282218933,0.20900000631809235,0.24681393802165985,0.20900000631809235
203,203,1.3332539796829224,1.6390000581741333,1.3147774934768677,1.6390000581741333,1.313812255859375,1.6390000581741333,1.3104315996170044,1.6390000581741333,1.3030749559402466,1.6390000581741333,1.3067810535430908,1.6390000581741333,1.3099504709243774,1.6390000581741333,1.3086745738983154,1.6390000581741333,1.2985658645629885,1.6390000581741333,1.30758535861969,1.6390000581741333
204,204,1.3942834138870241,1.6670000553131104,1.3559966087341309,1.6670000553131104,1.3697352409362793,1.6670000553131104,1.353222131729126,1.6670000553131104,1.3617597818374634,1.6670000553131104,1.3609555959701538,1.6670000553131104,1.3589661121368408,1.6670000553131104,1.3570810556411743,1.6670000553131104,1.3422765731811523,1.6670000553131104,1.3567112684249878,1.6670000553131104
205,205,0.0978655219078064,0.004000000189989804,0.11767948418855667,0.004000000189989804,0.0946294516324997,0.004000000189989804,0.09377296268939972,0.004000000189989804,0.07387139648199081,0.004000000189989804,0.07504202425479889,0.004000000189989804,0.09208884835243224,0.004000000189989804,0.10705582797527312,0.004000000189989804,0.08994333446025847,0.004000000189989804,0.09565646946430206,0.004000000189989804
206,206,1.0338646173477173,0.8679999709129333,1.06434166431427,0.8679999709129333,1.0296170711517334,0.8679999709129333,1.05260968208313,0.8679999709129333,1.0198101997375488,0.8679999709129333,1.0345600843429563,0.8679999709129333,1.0391660928726196,0.8679999709129333,1.0461214780807495,0.8679999709129333,1.0377786159515379,0.8679999709129333,1.0371038913726809,0.8679999709129333
207,207,0.7434908151626587,0.8130000233650208,0.7440748810768127,0.8130000233650208,0.7354512214660645,0.8130000233650208,0.7507967948913574,0.8130000233650208,0.7479647397994995,0.8130000233650208,0.7614083290100098,0.8130000233650208,0.7460823059082031,0.8130000233650208,0.7444127798080444,0.8130000233650208,0.7414247989654541,0.8130000233650208,0.7338646054267883,0.8130000233650208
208,208,0.7651060819625854,1.0410000085830688,0.7696701288223267,1.0410000085830688,0.7578058242797852,1.0410000085830688,0.7742328643798828,1.0410000085830688,0.7683290243148804,1.0410000085830688,0.7821211814880371,1.0410000085830688,0.7684034109115601,1.0410000085830688,0.7681082487106323,1.0410000085830688,0.7640845775604248,1.0410000085830688,0.7572603821754456,1.0410000085830688
209,209,0.16151192784309387,0.10999999940395357,0.15462075173854828,0.10999999940395357,0.15115319192409515,0.10999999940395357,0.147923082113266,0.10999999940395357,0.15193243324756622,0.10999999940395357,0.1535692662000656,0.10999999940395357,0.15364956855773926,0.10999999940395357,0.1541249454021454,0.10999999940395357,0.1508416086435318,0.10999999940395357,0.14658132195472715,0.10999999940395357
210,210,0.8109267950057983,0.8510000109672546,0.8233463168144226,0.8510000109672546,0.8050235509872437,0.8510000109672546,0.8235772848129272,0.8510000109672546,0.8113698959350586,0.8510000109672546,0.8257973194122314,0.8510000109672546,0.8155574798583984,0.8510000109672546,0.8178679943084717,0.8510000109672546,0.811970591545105,0.8510000109672546,0.8065939545631409,0.8510000109672546
211,211,1.23857319355011,1.2690000534057615,1.2448447942733765,1.2690000534057615,1.2260003089904783,1.2690000534057615,1.2368758916854858,1.2690000534057615,1.2126871347427368,1.2690000534057615,1.2217257022857666,1.2690000534057615,1.2293120622634888,1.2690000534057615,1.230701565742493,1.2690000534057615,1.2236080169677734,1.2690000534057615,1.2274982929229736,1.2690000534057615
212,212,0.8509922027587891,0.6909999847412109,0.8694114685058594,0.6909999847412109,0.8460757732391357,0.6909999847412109,0.8662497997283936,0.6909999847412109,0.8488965034484863,0.6909999847412109,0.8637486696243286,0.6909999847412109,0.8565524816513062,0.6909999847412109,0.8607317209243774,0.6909999847412109,0.8535890579223633,0.6909999847412109,0.8493356704711914,0.6909999847412109
213,213,1.212084412574768,1.5230000019073486,1.2238229513168335,1.5230000019073486,1.2011295557022097,1.5230000019073486,1.214856505393982,1.5230000019073486,1.187548041343689,1.5230000019073486,1.1977442502975464,1.5230000019073486,1.2058353424072266,1.5230000019073486,1.2081336975097656,1.5230000019073486,1.2012382745742798,1.5230000019073486,1.2041940689086914,1.5230000019073486
214,214,0.2505353093147278,0.5759999752044678,0.21762549877166748,0.5759999752044678,0.23411487042903897,0.5759999752044678,0.22975297272205356,0.5759999752044678,0.2540303468704224,0.5759999752044678,0.25685879588127136,0.5759999752044678,0.2411564439535141,0.5759999752044678,0.2281639277935028,0.5759999752044678,0.2368979752063751,0.5759999752044678,0.22404031455516812,0.5759999752044678
215,215,0.2809526324272156,0.4909999966621399,0.2421538531780243,0.4909999966621399,0.2633377313613892,0.4909999966621399,0.2591034173965454,0.4909999966621399,0.28745850920677185,0.4909999966621399,0.2908138334751129,0.4909999966621399,0.2714191079139709,0.4909999966621399,0.255484402179718,0.4909999966621399,0.2666531205177307,0.4909999966621399,0.2520099282264709,0.4909999966621399
216,216,0.5896704196929932,0.8320000171661377,0.5610403418540955,0.8320000171661377,0.5757159590721129,0.8320000171661377,0.5827460289001465,0.8320000171661377,0.6012939214706421,0.8320000171661377,0.6116033792495728,0.8320000171661377,0.5866402387619019,0.8320000171661377,0.5740476846694946,0.8320000171661377,0.580136775970459,0.8320000171661377,0.5669163465499878,0.8320000171661377
217,217,1.3157840967178345,1.60099995136261,1.3024531602859497,1.60099995136261,1.2977216243743896,1.60099995136261,1.2974938154220579,1.60099995136261,1.28633451461792,1.60099995136261,1.2911720275878906,1.60099995136261,1.295477271080017,1.60099995136261,1.294575572013855,1.60099995136261,1.285360336303711,1.60099995136261,1.293175458908081,1.60099995136261
218,218,1.2327580451965332,1.6640000343322754,1.2402870655059814,1.6640000343322754,1.220552921295166,1.6640000343322754,1.2320934534072876,1.6640000343322754,1.2071630954742432,1.6640000343322754,1.2164676189422607,1.6640000343322754,1.2241908311843872,1.6640000343322754,1.2257777452468872,1.6640000343322754,1.2187463045120241,1.6640000343322754,1.2224165201187134,1.6640000343322754
219,219,0.9106822013854979,1.2109999656677246,0.9360856413841248,1.2109999656677246,0.9067363739013672,1.2109999656677246,0.928777813911438,1.2109999656677246,0.9046928882598876,1.2109999656677246,0.9199130535125732,1.2109999656677246,0.9170864820480348,1.2109999656677246,0.9232325553894044,1.2109999656677246,0.9149411916732788,1.2109999656677246,0.9121047258377076,1.2109999656677246
220,220,0.1730446070432663,0.061000000685453415,0.1620359718799591,0.061000000685453415,0.16166198253631592,0.061000000685453415,0.15814851224422455,0.061000000685453415,0.16557316482067108,0.061000000685453415,0.16733111441135404,0.061000000685453415,0.16489410400390625,0.061000000685453415,0.1631922423839569,0.061000000685453415,0.1619170606136322,0.061000000685453415,0.15622255206108093,0.061000000685453415
221,221,0.7702322006225586,0.6439999938011169,0.7757179141044617,0.6439999938011169,0.7631005048751831,0.6439999938011169,0.7797774076461792,0.6439999938011169,0.773152232170105,0.6439999938011169,0.7870227098464966,0.6439999938011169,0.7736905813217163,0.6439999938011169,0.7737088203430176,0.6439999938011169,0.7694530487060547,0.6439999938011169,0.7627987861633301,0.6439999938011169
222,222,1.3377128839492798,1.1579999923706057,1.3178836107254028,1.1579999923706057,1.3179123401641846,1.1579999923706057,1.3136858940124512,1.1579999923706057,1.307352066040039,1.1579999923706057,1.3107582330703735,1.1579999923706057,1.3136136531829834,1.1579999923706057,1.312254548072815,1.1579999923706057,1.3018883466720579,1.1579999923706057,1.3112374544143677,1.1579999923706057
